fold,accuracy,precision,recall,f1_score,tp,tn,fp,fn
0,0.7919847328244275,0.8844884488448845,0.783625730994152,0.8310077519379845,268,147,35,74
1,0.8004115226337448,0.7857142857142857,0.7822222222222223,0.7839643652561247,176,213,48,49
2,0.8888888888888888,0.8956521739130435,0.762962962962963,0.824,103,249,12,32
3,0.6617647058823529,0.5122448979591837,0.8715277777777778,0.6452442159383034,251,289,239,37
4,0.8682170542635659,0.9493670886075949,0.7142857142857143,0.8152173913043479,75,149,4,30
