fold_idx,threshold
0,0.08456659619450317
1,0.09725158562367865
2,0.09725158562367865
3,0.17758985200845667
4,0.07399577167019028
